{"repoSenseVersion":"5157f59","reportGeneratedTime":"Wed Jan 31 21:52:26 2024 SGT","reportGenerationTime":" 32.89 second(s)","zoneId":"Asia/Singapore","reportTitle":"RepoSense Test Report","repos":[{"location":{"location":"https://github.com/reposense/RepoSense.git","repoName":"RepoSense","organization":"reposense","domainName":"github"},"branch":"cypress","displayName":"reposense/RepoSense[cypress]","outputFolderName":"reposense_RepoSense_cypress"}],"errorSet":[{"repoName":"reposense/testrepo-Empty[master]","errorMessage":"Failed to clone from https://github.com/reposense/testrepo-Empty.git"}],"sinceDate":"2018-05-03","untilDate":"2024-01-31","isSinceDateProvided":true,"isUntilDateProvided":false,"supportedDomainUrlMap":{"NOT_RECOGNIZED":{"BRANCH":"","REPO_URL":"UNSUPPORTED","BASE_URL":"UNSUPPORTED","HISTORY_PATH":"","COMMIT_PATH":"","BLAME_PATH":""},"github":{"BRANCH":"tree/$BRANCH","REPO_URL":"https://github.com/$ORGANIZATION/$REPO_NAME/","BASE_URL":"https://github.com/","HISTORY_PATH":"commits/$BRANCH/$FILE_PATH","COMMIT_PATH":"commit/$COMMIT_HASH","BLAME_PATH":"blame/$BRANCH/$FILE_PATH"}}}
