[{"path":"Collate-TUI.jar","fileType":"other","isBinary":true,"lines":[],"authorContributionMap":{"-":0}},{"path":"docs/diagrams/AddSequenceDiagram.pptx","fileType":"docs","isBinary":true,"lines":[],"authorContributionMap":{"-":0}},{"path":"docs/diagrams/ArchitectureDiagram.pptx","fileType":"docs","isBinary":true,"lines":[],"authorContributionMap":{"-":0}},{"path":"docs/diagrams/ChangeThemeCommandSequence.pptx","fileType":"docs","isBinary":true,"lines":[],"authorContributionMap":{"-":0}},{"path":"docs/diagrams/HighLevelSequenceDiagrams.pptx","fileType":"docs","isBinary":true,"lines":[],"authorContributionMap":{"-":0}},{"path":"docs/diagrams/LogicComponentClassDiagram.pptx","fileType":"docs","isBinary":true,"lines":[],"authorContributionMap":{"-":0}},{"path":"docs/diagrams/LogicComponentCommandClassDiagram.pptx","fileType":"docs","isBinary":true,"lines":[],"authorContributionMap":{"-":0}},{"path":"docs/diagrams/LogicComponentSequenceDiagram.pptx","fileType":"docs","isBinary":true,"lines":[],"authorContributionMap":{"-":0}},{"path":"docs/diagrams/ModelComponentClassDiagram.pptx","fileType":"docs","isBinary":true,"lines":[],"authorContributionMap":{"-":0}},{"path":"docs/diagrams/PlayerClassDiagram.pptx","fileType":"docs","isBinary":true,"lines":[],"authorContributionMap":{"-":0}},{"path":"docs/diagrams/PlayerDetailsDiagram.pptx","fileType":"docs","isBinary":true,"lines":[],"authorContributionMap":{"-":0}},{"path":"docs/diagrams/RemarkActivityDiagram.vsdx","fileType":"docs","isBinary":true,"lines":[],"authorContributionMap":{"-":0}},{"path":"docs/diagrams/SetTagCommandSequence.pptx","fileType":"docs","isBinary":true,"lines":[],"authorContributionMap":{"-":0}},{"path":"docs/diagrams/ShowNewTeamDiagram.pptx","fileType":"docs","isBinary":true,"lines":[],"authorContributionMap":{"-":0}},{"path":"docs/diagrams/StorageComponentClassDiagram.pptx","fileType":"docs","isBinary":true,"lines":[],"authorContributionMap":{"-":0}},{"path":"docs/diagrams/TeamAssignHighLevelSequenceDiagram.pptx","fileType":"docs","isBinary":true,"lines":[],"authorContributionMap":{"-":0}},{"path":"docs/diagrams/TeamCreateSequenceDiagram.pptx","fileType":"docs","isBinary":true,"lines":[],"authorContributionMap":{"-":0}},{"path":"docs/diagrams/TeamModelClassDiagram.pptx","fileType":"docs","isBinary":true,"lines":[],"authorContributionMap":{"-":0}},{"path":"docs/diagrams/TeamRemoveSequenceDiagram.pptx","fileType":"docs","isBinary":true,"lines":[],"authorContributionMap":{"-":0}},{"path":"docs/diagrams/TeamRenameSequenceDiagram.pptx","fileType":"docs","isBinary":true,"lines":[],"authorContributionMap":{"-":0}},{"path":"docs/diagrams/TeamStorageClassDiagram.pptx","fileType":"docs","isBinary":true,"lines":[],"authorContributionMap":{"-":0}},{"path":"docs/diagrams/TeamUiClassDiagram.pptx","fileType":"docs","isBinary":true,"lines":[],"authorContributionMap":{"-":0}},{"path":"docs/diagrams/TeamViewSequenceDiagram.pptx","fileType":"docs","isBinary":true,"lines":[],"authorContributionMap":{"-":0}},{"path":"docs/diagrams/UiComponentClassDiagram.pptx","fileType":"docs","isBinary":true,"lines":[],"authorContributionMap":{"-":0}},{"path":"docs/diagrams/UndoRedoActivityDiagram.pptx","fileType":"docs","isBinary":true,"lines":[],"authorContributionMap":{"-":0}},{"path":"docs/diagrams/UndoRedoExecuteUndoStackDiagram.pptx","fileType":"docs","isBinary":true,"lines":[],"authorContributionMap":{"-":0}},{"path":"docs/diagrams/UndoRedoNewCommand1StackDiagram.pptx","fileType":"docs","isBinary":true,"lines":[],"authorContributionMap":{"-":0}},{"path":"docs/diagrams/UndoRedoNewCommand2StackDiagram.pptx","fileType":"docs","isBinary":true,"lines":[],"authorContributionMap":{"-":0}},{"path":"docs/diagrams/UndoRedoNewCommand3StackDiagram.pptx","fileType":"docs","isBinary":true,"lines":[],"authorContributionMap":{"-":0}},{"path":"docs/diagrams/UndoRedoSequenceDiagram.pptx","fileType":"docs","isBinary":true,"lines":[],"authorContributionMap":{"-":0}},{"path":"docs/diagrams/UndoRedoStartingStackDiagram.pptx","fileType":"docs","isBinary":true,"lines":[],"authorContributionMap":{"-":0}},{"path":"docs/images/AddSequenceDiagram.png","fileType":"docs","isBinary":true,"lines":[],"authorContributionMap":{"-":0}},{"path":"docs/images/Architecture.png","fileType":"docs","isBinary":true,"lines":[],"authorContributionMap":{"-":0}},{"path":"docs/images/ChangeThemeDiagram.png","fileType":"docs","isBinary":true,"lines":[],"authorContributionMap":{"-":0}},{"path":"docs/images/DarkTheme.png","fileType":"docs","isBinary":true,"lines":[],"authorContributionMap":{"-":0}},{"path":"docs/images/DeletePersonSdForLogic.png","fileType":"docs","isBinary":true,"lines":[],"authorContributionMap":{"-":0}},{"path":"docs/images/KeyactDiag.png","fileType":"docs","isBinary":true,"lines":[],"authorContributionMap":{"-":0}},{"path":"docs/images/LightTheme.png","fileType":"docs","isBinary":true,"lines":[],"authorContributionMap":{"-":0}},{"path":"docs/images/LogicClassDiagram.png","fileType":"docs","isBinary":true,"lines":[],"authorContributionMap":{"-":0}},{"path":"docs/images/LogicCommandClassDiagram.png","fileType":"docs","isBinary":true,"lines":[],"authorContributionMap":{"-":0}},{"path":"docs/images/ModelClassDiagram.png","fileType":"docs","isBinary":true,"lines":[],"authorContributionMap":{"-":0}},{"path":"docs/images/MyTeamManagerLogo.png","fileType":"docs","isBinary":true,"lines":[],"authorContributionMap":{"-":0}},{"path":"docs/images/PlayerClassDiagram.png","fileType":"docs","isBinary":true,"lines":[],"authorContributionMap":{"-":0}},{"path":"docs/images/PlayerDetailsDiagram.png","fileType":"docs","isBinary":true,"lines":[],"authorContributionMap":{"-":0}},{"path":"docs/images/RemarkActivityDiagram.png","fileType":"docs","isBinary":true,"lines":[],"authorContributionMap":{"-":0}},{"path":"docs/images/SDforDeletePerson.png","fileType":"docs","isBinary":true,"lines":[],"authorContributionMap":{"-":0}},{"path":"docs/images/SDforDeletePersonEventHandling.png","fileType":"docs","isBinary":true,"lines":[],"authorContributionMap":{"-":0}},{"path":"docs/images/SetTagCommandDiagram.png","fileType":"docs","isBinary":true,"lines":[],"authorContributionMap":{"-":0}},{"path":"docs/images/ShowNewTeamDiagram.png","fileType":"docs","isBinary":true,"lines":[],"authorContributionMap":{"-":0}},{"path":"docs/images/StorageClassDiagram.png","fileType":"docs","isBinary":true,"lines":[],"authorContributionMap":{"-":0}},{"path":"docs/images/TeamAssignAddExampleAfter.png","fileType":"docs","isBinary":true,"lines":[],"authorContributionMap":{"-":0}},{"path":"docs/images/TeamAssignAddExampleBefore.png","fileType":"docs","isBinary":true,"lines":[],"authorContributionMap":{"-":0}},{"path":"docs/images/TeamAssignExampleAfter.png","fileType":"docs","isBinary":true,"lines":[],"authorContributionMap":{"-":0}},{"path":"docs/images/TeamAssignExampleBefore.png","fileType":"docs","isBinary":true,"lines":[],"authorContributionMap":{"-":0}},{"path":"docs/images/TeamAssignListExample.png","fileType":"docs","isBinary":true,"lines":[],"authorContributionMap":{"-":0}},{"path":"docs/images/TeamAssignSequenceDiagram.png","fileType":"docs","isBinary":true,"lines":[],"authorContributionMap":{"-":0}},{"path":"docs/images/TeamCreateExampleAfter.png","fileType":"docs","isBinary":true,"lines":[],"authorContributionMap":{"-":0}},{"path":"docs/images/TeamCreateExampleBefore.png","fileType":"docs","isBinary":true,"lines":[],"authorContributionMap":{"-":0}},{"path":"docs/images/TeamCreateSequenceDiagram1.png","fileType":"docs","isBinary":true,"lines":[],"authorContributionMap":{"-":0}},{"path":"docs/images/TeamCreateSequenceDiagram2.png","fileType":"docs","isBinary":true,"lines":[],"authorContributionMap":{"-":0}},{"path":"docs/images/TeamModelClassDiagram.png","fileType":"docs","isBinary":true,"lines":[],"authorContributionMap":{"-":0}},{"path":"docs/images/TeamRemoveExampleAfter.png","fileType":"docs","isBinary":true,"lines":[],"authorContributionMap":{"-":0}},{"path":"docs/images/TeamRemoveExampleBefore.png","fileType":"docs","isBinary":true,"lines":[],"authorContributionMap":{"-":0}},{"path":"docs/images/TeamRemoveSequenceDiagram1.png","fileType":"docs","isBinary":true,"lines":[],"authorContributionMap":{"-":0}},{"path":"docs/images/TeamRemoveSequenceDiagram2.png","fileType":"docs","isBinary":true,"lines":[],"authorContributionMap":{"-":0}},{"path":"docs/images/TeamRenameExampleAfter.png","fileType":"docs","isBinary":true,"lines":[],"authorContributionMap":{"-":0}},{"path":"docs/images/TeamRenameExampleBefore.png","fileType":"docs","isBinary":true,"lines":[],"authorContributionMap":{"-":0}},{"path":"docs/images/TeamRenameSequenceDiagram1.png","fileType":"docs","isBinary":true,"lines":[],"authorContributionMap":{"-":0}},{"path":"docs/images/TeamRenameSequenceDiagram2.png","fileType":"docs","isBinary":true,"lines":[],"authorContributionMap":{"-":0}},{"path":"docs/images/TeamStorageClassDiagram.png","fileType":"docs","isBinary":true,"lines":[],"authorContributionMap":{"-":0}},{"path":"docs/images/TeamUiClassDiagram.png","fileType":"docs","isBinary":true,"lines":[],"authorContributionMap":{"-":0}},{"path":"docs/images/TeamViewExampleAfter.png","fileType":"docs","isBinary":true,"lines":[],"authorContributionMap":{"-":0}},{"path":"docs/images/TeamViewExampleBefore.png","fileType":"docs","isBinary":true,"lines":[],"authorContributionMap":{"-":0}},{"path":"docs/images/TeamViewSequenceDiagram.png","fileType":"docs","isBinary":true,"lines":[],"authorContributionMap":{"-":0}},{"path":"docs/images/UIGuide.png","fileType":"docs","isBinary":true,"lines":[],"authorContributionMap":{"-":0}},{"path":"docs/images/Ui.png","fileType":"docs","isBinary":true,"lines":[],"authorContributionMap":{"-":0}},{"path":"docs/images/UiClassDiagram.png","fileType":"docs","isBinary":true,"lines":[],"authorContributionMap":{"-":0}},{"path":"docs/images/UiNew.png","fileType":"docs","isBinary":true,"lines":[],"authorContributionMap":{"-":0}},{"path":"docs/images/UndoRedoActivityDiagram.png","fileType":"docs","isBinary":true,"lines":[],"authorContributionMap":{"-":0}},{"path":"docs/images/UndoRedoExecuteUndoStackDiagram.png","fileType":"docs","isBinary":true,"lines":[],"authorContributionMap":{"-":0}},{"path":"docs/images/UndoRedoNewCommand1StackDiagram.png","fileType":"docs","isBinary":true,"lines":[],"authorContributionMap":{"-":0}},{"path":"docs/images/UndoRedoNewCommand2StackDiagram.png","fileType":"docs","isBinary":true,"lines":[],"authorContributionMap":{"-":0}},{"path":"docs/images/UndoRedoNewCommand3StackDiagram.png","fileType":"docs","isBinary":true,"lines":[],"authorContributionMap":{"-":0}},{"path":"docs/images/UndoRedoSequenceDiagram.png","fileType":"docs","isBinary":true,"lines":[],"authorContributionMap":{"-":0}},{"path":"docs/images/UndoRedoStartingStackDiagram.png","fileType":"docs","isBinary":true,"lines":[],"authorContributionMap":{"-":0}},{"path":"docs/images/add.png","fileType":"docs","isBinary":true,"lines":[],"authorContributionMap":{"-":0}},{"path":"docs/images/appveyor/add-project-1.png","fileType":"docs","isBinary":true,"lines":[],"authorContributionMap":{"-":0}},{"path":"docs/images/appveyor/add-project-2.png","fileType":"docs","isBinary":true,"lines":[],"authorContributionMap":{"-":0}},{"path":"docs/images/appveyor/add-project-3.png","fileType":"docs","isBinary":true,"lines":[],"authorContributionMap":{"-":0}},{"path":"docs/images/appveyor/ci-log.png","fileType":"docs","isBinary":true,"lines":[],"authorContributionMap":{"-":0}},{"path":"docs/images/appveyor/ci-pending.png","fileType":"docs","isBinary":true,"lines":[],"authorContributionMap":{"-":0}},{"path":"docs/images/appveyor/login.png","fileType":"docs","isBinary":true,"lines":[],"authorContributionMap":{"-":0}},{"path":"docs/images/appveyor/project-settings-1.png","fileType":"docs","isBinary":true,"lines":[],"authorContributionMap":{"-":0}},{"path":"docs/images/appveyor/project-settings-2.png","fileType":"docs","isBinary":true,"lines":[],"authorContributionMap":{"-":0}},{"path":"docs/images/appveyor/project-settings-3.png","fileType":"docs","isBinary":true,"lines":[],"authorContributionMap":{"-":0}},{"path":"docs/images/build_pending.png","fileType":"docs","isBinary":true,"lines":[],"authorContributionMap":{"-":0}},{"path":"docs/images/checkstyle-idea-configuration.png","fileType":"docs","isBinary":true,"lines":[],"authorContributionMap":{"-":0}},{"path":"docs/images/checkstyle-idea-scan-scope.png","fileType":"docs","isBinary":true,"lines":[],"authorContributionMap":{"-":0}},{"path":"docs/images/chrome_save_as_pdf.png","fileType":"docs","isBinary":true,"lines":[],"authorContributionMap":{"-":0}},{"path":"docs/images/codeeo.jpg","fileType":"docs","isBinary":true,"lines":[],"authorContributionMap":{"-":0}},{"path":"docs/images/coveralls/badge_repo.png","fileType":"docs","isBinary":true,"lines":[],"authorContributionMap":{"-":0}},{"path":"docs/images/coveralls/coverage_asciidoc_code.png","fileType":"docs","isBinary":true,"lines":[],"authorContributionMap":{"-":0}},{"path":"docs/images/coveralls/coverage_report.png","fileType":"docs","isBinary":true,"lines":[],"authorContributionMap":{"-":0}},{"path":"docs/images/coveralls/disable_comments.png","fileType":"docs","isBinary":true,"lines":[],"authorContributionMap":{"-":0}},{"path":"docs/images/coveralls/flick_repository_switch.png","fileType":"docs","isBinary":true,"lines":[],"authorContributionMap":{"-":0}},{"path":"docs/images/coveralls/github_settings.png","fileType":"docs","isBinary":true,"lines":[],"authorContributionMap":{"-":0}},{"path":"docs/images/coveralls/sync_repos.png","fileType":"docs","isBinary":true,"lines":[],"authorContributionMap":{"-":0}},{"path":"docs/images/create.PNG","fileType":"docs","isBinary":true,"lines":[],"authorContributionMap":{"-":0}},{"path":"docs/images/damithc.jpg","fileType":"docs","isBinary":true,"lines":[],"authorContributionMap":{"-":0}},{"path":"docs/images/flick_repository_switch.png","fileType":"docs","isBinary":true,"lines":[],"authorContributionMap":{"-":0}},{"path":"docs/images/generate_token.png","fileType":"docs","isBinary":true,"lines":[],"authorContributionMap":{"-":0}},{"path":"docs/images/getting-started-ui-result-after.png","fileType":"docs","isBinary":true,"lines":[],"authorContributionMap":{"-":0}},{"path":"docs/images/getting-started-ui-result-before.png","fileType":"docs","isBinary":true,"lines":[],"authorContributionMap":{"-":0}},{"path":"docs/images/getting-started-ui-status-after.png","fileType":"docs","isBinary":true,"lines":[],"authorContributionMap":{"-":0}},{"path":"docs/images/getting-started-ui-status-before.png","fileType":"docs","isBinary":true,"lines":[],"authorContributionMap":{"-":0}},{"path":"docs/images/getting-started-ui-tag-after.png","fileType":"docs","isBinary":true,"lines":[],"authorContributionMap":{"-":0}},{"path":"docs/images/getting-started-ui-tag-before.png","fileType":"docs","isBinary":true,"lines":[],"authorContributionMap":{"-":0}},{"path":"docs/images/github_repo_settings.png","fileType":"docs","isBinary":true,"lines":[],"authorContributionMap":{"-":0}},{"path":"docs/images/grant_access.png","fileType":"docs","isBinary":true,"lines":[],"authorContributionMap":{"-":0}},{"path":"docs/images/jordanc.jpg","fileType":"docs","isBinary":true,"lines":[],"authorContributionMap":{"-":0}},{"path":"docs/images/lejolly.jpg","fileType":"docs","isBinary":true,"lines":[],"authorContributionMap":{"-":0}},{"path":"docs/images/ltianwei.jpg","fileType":"docs","isBinary":true,"lines":[],"authorContributionMap":{"-":0}},{"path":"docs/images/m133225.jpg","fileType":"docs","isBinary":true,"lines":[],"authorContributionMap":{"-":0}},{"path":"docs/images/netlify/change_site_name.png","fileType":"docs","isBinary":true,"lines":[],"authorContributionMap":{"-":0}},{"path":"docs/images/netlify/grant_or_request_access.png","fileType":"docs","isBinary":true,"lines":[],"authorContributionMap":{"-":0}},{"path":"docs/images/netlify/netlify_details.png","fileType":"docs","isBinary":true,"lines":[],"authorContributionMap":{"-":0}},{"path":"docs/images/netlify/temp_site_name.png","fileType":"docs","isBinary":true,"lines":[],"authorContributionMap":{"-":0}},{"path":"docs/images/request_access.png","fileType":"docs","isBinary":true,"lines":[],"authorContributionMap":{"-":0}},{"path":"docs/images/review_and_add.png","fileType":"docs","isBinary":true,"lines":[],"authorContributionMap":{"-":0}},{"path":"docs/images/select.png","fileType":"docs","isBinary":true,"lines":[],"authorContributionMap":{"-":0}},{"path":"docs/images/signing_in.png","fileType":"docs","isBinary":true,"lines":[],"authorContributionMap":{"-":0}},{"path":"docs/images/sortSeq.png","fileType":"docs","isBinary":true,"lines":[],"authorContributionMap":{"-":0}},{"path":"docs/images/syafiq.jpg","fileType":"docs","isBinary":true,"lines":[],"authorContributionMap":{"-":0}},{"path":"docs/images/travis_add_token.png","fileType":"docs","isBinary":true,"lines":[],"authorContributionMap":{"-":0}},{"path":"docs/images/travis_build.png","fileType":"docs","isBinary":true,"lines":[],"authorContributionMap":{"-":0}},{"path":"docs/images/yijinl.jpg","fileType":"docs","isBinary":true,"lines":[],"authorContributionMap":{"-":0}},{"path":"docs/images/yl_coder.jpg","fileType":"docs","isBinary":true,"lines":[],"authorContributionMap":{"-":0}},{"path":"docs/pdfDocument.pdf","fileType":"docs","isBinary":true,"lines":[],"authorContributionMap":{"-":0}},{"path":"docs/word.docx","fileType":"docs","isBinary":true,"lines":[],"authorContributionMap":{"-":0}},{"path":"gradle/wrapper/gradle-wrapper.jar","fileType":"other","isBinary":true,"lines":[],"authorContributionMap":{"-":0}},{"path":"images/placeholder_test.png","fileType":"other","isBinary":true,"lines":[],"authorContributionMap":{"-":0}},{"path":"images/pngPicture.png","fileType":"other","isBinary":true,"lines":[],"authorContributionMap":{"-":0}},{"path":"src/main/resources/images/MyTeamManagerLogo.png","fileType":"other","isBinary":true,"lines":[],"authorContributionMap":{"-":0}},{"path":"src/main/resources/images/address_book_32.png","fileType":"other","isBinary":true,"lines":[],"authorContributionMap":{"-":0}},{"path":"src/main/resources/images/calendar.png","fileType":"other","isBinary":true,"lines":[],"authorContributionMap":{"-":0}},{"path":"src/main/resources/images/clock.png","fileType":"other","isBinary":true,"lines":[],"authorContributionMap":{"-":0}},{"path":"src/main/resources/images/fail.png","fileType":"other","isBinary":true,"lines":[],"authorContributionMap":{"-":0}},{"path":"src/main/resources/images/football.png","fileType":"other","isBinary":true,"lines":[],"authorContributionMap":{"-":0}},{"path":"src/main/resources/images/help_icon.png","fileType":"other","isBinary":true,"lines":[],"authorContributionMap":{"-":0}},{"path":"src/main/resources/images/info_icon.png","fileType":"other","isBinary":true,"lines":[],"authorContributionMap":{"-":0}},{"path":"src/main/resources/images/placeholder.png","fileType":"other","isBinary":true,"lines":[],"authorContributionMap":{"-":0}},{"path":"src/main/resources/images/placeholder_test.png","fileType":"other","isBinary":true,"lines":[],"authorContributionMap":{"-":0}}]
